activity_name,average_heart_rate,calories,distance,active_duration,start_time,pace,date
Walk,104.0,386,,2458000,17:05:34,,2024-08-21
Walk,126.0,393,,2970000,18:51:25,,2024-08-21
Walk,120.0,600,,4045000,06:52:16,,2024-08-24
Run,149.0,545,4.98,1947000,08:00:43,387.80920663438576,2024-08-24
Walk,119.0,561,,4352000,08:40:39,,2024-08-24
Walk,92.0,288,,2151000,17:14:44,,2024-08-27
Run,112.0,153,1.41,1082000,19:14:53,761.0981760373655,2024-08-27
Walk,102.0,301,,2151000,17:32:16,,2024-08-28
Walk,109.0,339,,2201000,19:25:48,,2024-08-28
Walk,101.0,513,,3739000,15:54:29,,2024-08-29
Run,174.0,724,6.69,3108000,17:32:32,460.61640790339504,2024-08-29
Walk,105.0,309,,2305000,18:56:15,,2024-08-29
Walk,102.0,309,,2253000,17:27:58,,2024-08-30
Walk,133.0,391,,2253000,19:02:42,,2024-08-30
Run,149.0,434,4.81,1963000,08:02:22,404.58794068242014,2024-08-31
Walk,104.0,595,,4916000,08:37:41,,2024-08-31
Walk,101.0,492,,4147000,17:08:35,,2024-09-04
Run,150.0,429,4.95,1965000,18:20:35,393.4430168369584,2024-09-04
Walk,104.0,122,,921000,19:15:44,,2024-09-04
Walk,105.0,308,,2202000,16:59:36,,2024-09-05
Sport,147.0,297,,2048000,17:36:18,,2024-09-05
Walk,111.0,387,,2969000,18:24:56,,2024-09-05
Walk,99.0,280,,2099000,13:40:29,,2024-09-06
Walk,117.0,481,,3585000,15:31:24,,2024-09-06
Run,183.0,487,4.74,1893000,08:02:41,395.6385706851256,2024-09-07
Walk,116.0,241,,1894000,08:49:54,,2024-09-07
Walk,120.0,304,,2253000,10:06:42,,2024-09-07
Walk,96.0,342,,2969000,17:10:01,,2024-09-09
Walk,88.0,118,,974000,18:14:00,,2024-09-09
Run,141.0,371,2.88,1994000,18:31:07,686.7431704528234,2024-09-09
Run,150.0,696,6.05,3278000,19:10:17,537.3832158729691,2024-09-09
Walk,122.0,181,,1126000,17:49:37,,2024-09-11
Run,172.0,616,5.32,2389000,18:18:33,444.65455980315335,2024-09-11
Walk,114.0,178,,1331000,19:12:24,,2024-09-11
Walk,103.0,318,,2408000,15:36:53,,2024-09-12
Walk,97.0,328,,2511000,17:06:29,,2024-09-12
Run,189.0,539,4.57,1859000,08:02:32,402.87364417523594,2024-09-14
Walk,118.0,128,,1075000,09:52:09,,2024-09-14
Walk,88.0,142,,1536000,17:13:28,,2024-09-16
Run,171.0,798,5.32,3303000,17:40:23,614.1676939983377,2024-09-16
Walk,100.0,141,,1229000,19:42:49,,2024-09-16
Walk,123.0,111,,921000,19:03:10,,2024-09-18
Walk,109.0,335,,2458000,19:34:43,,2024-09-18
Run,59.0,45,0.0,1752000,13:19:35,,2024-09-19
Walk,94.0,308,,2407000,13:43:59,,2024-09-20
Walk,108.0,298,,2151000,15:41:46,,2024-09-20
Walk,106.0,303,,2097000,11:40:31,,2024-09-22
Walk,98.0,314,,2253000,16:59:45,,2024-09-24
Walk,110.0,312,,2149000,18:44:43,,2024-09-24
Walk,98.0,291,,2151000,17:47:51,,2024-09-26
Walk,100.0,365,,2816000,18:50:10,,2024-09-26
Walk,108.0,253,,1791000,14:47:27,,2024-09-27
Walk,131.0,385,,2356000,17:03:07,,2024-09-27
Run,147.0,331,2.42,1374000,06:56:49,562.1448238899276,2024-09-28
Run,172.0,246,1.88,997000,07:19:57,524.1382210843406,2024-09-28
Run,165.0,475,4.91,1879000,08:01:35,378.575717158204,2024-09-28
Walk,127.0,133,,921000,08:56:19,,2024-09-28
Walk,100.0,288,,2151000,15:09:47,,2024-10-01
Walk,121.0,343,,2457000,16:53:53,,2024-10-01
Walk,93.0,277,,2202000,17:19:53,,2024-10-03
Walk,104.0,267,,2100000,19:02:18,,2024-10-03
Walk,88.0,276,,2356000,16:37:01,,2024-10-04
Walk,110.0,367,,2868000,18:23:43,,2024-10-04
Walk,103.0,587,,4404000,13:33:02,,2024-10-06
Walk,105.0,296,,2253000,15:50:26,,2024-10-06
Walk,96.0,267,,2100000,16:32:44,,2024-10-08
Run,147.0,244,1.43,1288000,18:31:03,896.0810368937713,2024-10-08
Run,137.0,192,1.02,951000,18:02:37,930.7105108631825,2024-10-09
Run,153.0,350,3.76,1590000,18:27:16,419.4553411965821,2024-10-09
Walk,116.0,150,,1177000,19:07:03,,2024-10-09
Walk,98.0,296,,2246000,13:33:11,,2024-10-11
Walk,110.0,358,,2765000,15:31:47,,2024-10-11
Run,145.0,556,5.13,2525000,07:02:23,487.4884402493624,2024-10-12
Run,155.0,431,4.89,1917000,08:02:13,387.916904435244,2024-10-12
Run,130.0,113,0.67,1287000,10:05:13,1897.810218978102,2024-10-13
Walk,99.0,286,,2149000,13:58:48,,2024-10-13
Walk,117.0,303,,1997000,15:36:56,,2024-10-13
Walk,94.0,262,,2202000,15:21:08,,2024-10-14
Walk,101.0,374,,3070000,17:10:21,,2024-10-14
Run,158.0,246,0.62,1771000,15:26:54,2852.4489828788633,2024-10-20
Walk,111.0,299,,2048000,17:36:23,,2024-10-22
Walk,122.0,258,,1946000,19:05:09,,2024-10-22
Run,170.0,403,4.64,1750000,18:19:59,373.6210713744345,2024-10-23
Walk,92.0,268,,2304000,14:54:15,,2024-10-25
Walk,118.0,316,,2099000,16:45:12,,2024-10-25
Run,181.0,281,2.57,1003000,09:09:25,383.4654881060705,2024-10-26
Walk,125.0,247,,1741000,09:37:25,,2024-10-26
Run,184.0,518,5.03,1922000,19:20:42,336.7029909981878,2024-10-30
Walk,,146,,1178000,20:13:42,,2024-10-30
Run,65.0,1039,0.0,33633000,21:00:15,,2024-10-30
Run,172.0,631,4.0,2459000,08:13:09,610.8603467421195,2024-11-02
Run,188.0,555,5.13,1903000,09:02:34,367.11866826400905,2024-11-02
Walk,,138,,922000,09:44:08,,2024-11-02
Walk,92.0,188,,1844000,09:43:06,,2024-11-03
Walk,103.0,285,,2100000,14:05:38,,2024-11-07
Elliptical,130.0,249,,1150000,15:46:03,,2024-11-07
Run,139.0,602,5.47,2741000,08:11:20,495.8465390237196,2024-11-09
Run,157.0,450,5.02,1899000,09:02:12,374.829017569,2024-11-09
Walk,100.0,305,,2201000,15:44:32,,2024-11-10
Walk,105.0,294,,2202000,17:49:08,,2024-11-10
Walk,96.0,294,,2356000,16:06:15,,2024-11-12
Walk,104.0,350,,2766000,17:56:21,,2024-11-12
Walk,97.0,270,,2099000,15:46:17,,2024-11-14
Walk,127.0,300,,2305000,17:29:33,,2024-11-14
Walk,122.0,271,,1946000,16:57:24,,2024-11-17
Elliptical,134.0,244,,1199000,18:32:18,,2024-11-17
Walk,102.0,298,,2202000,14:32:59,,2024-11-18
Elliptical,130.0,247,,1221000,16:09:58,,2024-11-18
Walk,114.0,331,,2150000,13:53:53,,2024-11-23
Walk,100.0,447,,3482000,15:28:37,,2024-11-23
Walk,102.0,284,,2100000,11:31:10,,2024-11-24
Walk,117.0,254,,1895000,13:33:13,,2024-11-24
Walk,121.0,357,,2151000,17:31:49,,2024-11-28
Elliptical,138.0,183,,978000,19:02:38,,2024-11-28
Walk,117.0,304,,2509000,15:34:43,,2024-11-29
Elliptical,147.0,230,,1111000,17:29:27,,2024-11-29
Walk,125.0,350,,2305000,17:43:35,,2024-11-29
Walk,102.0,292,,2201000,16:21:56,,2024-12-02
Elliptical,129.0,202,,1054000,17:43:38,,2024-12-02
Walk,115.0,299,,2100000,18:22:58,,2024-12-04
Elliptical,130.0,162,,908000,19:56:48,,2024-12-04
Walk,118.0,323,,2098000,19:00:53,,2024-12-11
Walk,126.0,313,,1996000,20:47:33,,2024-12-11
Walk,106.0,285,,2049000,19:22:36,,2024-12-12
Walk,101.0,125,,922000,21:09:16,,2024-12-12
Walk,98.0,281,,2150000,13:51:52,,2024-12-15
Walk,115.0,317,,2150000,16:04:59,,2024-12-15
Walk,119.0,305,,2304000,16:38:15,,2024-12-17
Elliptical,109.0,680,,4799000,18:27:52,,2024-12-17
Run,154.0,221,2.85,1066000,19:16:52,369.242706071029,2024-12-18
Walk,115.0,161,,1177000,20:09:42,,2024-12-18
Walk,112.0,305,,2201000,16:54:41,,2024-12-19
Walk,116.0,344,,2611000,18:33:40,,2024-12-19
Walk,,288,,2253000,14:50:47,,2024-12-23
Walk,,288,,1843000,16:42:36,,2024-12-23
Walk,,333,,1997000,17:24:06,,2025-01-01
Walk,114.0,305,,2304000,09:52:36,,2025-01-06
Elliptical,157.0,259,,1157000,11:32:28,,2025-01-06
Walk,115.0,302,,2458000,16:19:02,,2025-01-07
Elliptical,132.0,214,,1178000,17:48:09,,2025-01-07
Walk,,141,,1229000,16:59:03,,2025-01-10
Walk,,176,,1332000,10:10:54,,2025-01-11
Walk,,201,,1587000,11:31:08,,2025-01-11
Outdoor Bike,,168,,1383000,15:09:37,,2025-01-11
Outdoor Bike,,126,,1024000,16:03:23,,2025-01-11
Walk,,147,,1229000,12:34:06,,2025-01-12
Walk,,312,,2355000,17:34:23,,2025-01-20
Elliptical,157.0,254,,1190000,19:00:24,,2025-01-20
Walk,104.0,317,,2202000,16:42:49,,2025-01-22
Walk,128.0,311,,2458000,18:15:51,,2025-01-22
Walk,126.0,362,,2151000,13:47:22,,2025-01-24
Walk,131.0,335,,2202000,15:22:06,,2025-01-24
Run,144.0,360,3.69,1744000,08:08:41,467.7998653465984,2025-01-25
Run,142.0,489,5.38,2294000,09:03:00,422.63589199386865,2025-01-25
Walk,110.0,281,,2099000,17:53:54,,2025-01-27
Elliptical,147.0,239,,1199000,19:18:04,,2025-01-27
Walk,105.0,283,,2100000,16:27:30,,2025-01-28
Walk,118.0,326,,2560000,17:54:34,,2025-01-28
Run,176.0,618,5.23,2330000,08:24:00,441.1867734856217,2025-02-01
Run,188.0,633,4.9,2127000,09:03:40,430.3228939062879,2025-02-01
Elliptical,136.0,189,,1082000,18:03:02,,2025-02-02
Walk,,122,,922000,18:12:19,,2025-02-07
Run,154.0,228,2.41,1072000,19:34:48,441.0814725208711,2025-02-07
Run,138.0,233,2.35,1117000,08:10:13,469.56053841820733,2025-02-08
Walk,,314,,2355000,09:14:27,,2025-02-08
Run,157.0,196,2.1,1067000,18:51:11,503.5560400768312,2025-02-10
Run,151.0,222,2.28,1040000,18:11:50,451.03847271434086,2025-02-12
Run,168.0,241,2.43,986000,19:07:12,401.9813686120227,2025-02-14
Run,173.0,265,2.39,1024000,20:29:04,424.938583095412,2025-02-14
Run,99.0,60,0.0,927000,21:14:47,,2025-02-14
Run,157.0,482,4.7,2061000,08:07:16,434.4059640714019,2025-02-15
Run,151.0,445,5.0,1991000,09:03:23,394.67476499902864,2025-02-15
Walk,96.0,143,,1024000,09:38:15,,2025-02-15
Run,160.0,226,2.3,1037000,19:24:08,446.38245118633563,2025-02-20
Walk,127.0,148,,971000,18:06:16,,2025-02-23
Run,181.0,264,2.32,932000,19:17:04,396.7139147831269,2025-02-25
Run,179.0,318,2.94,1197000,19:34:47,402.9041411275257,2025-02-27
Run,170.0,414,4.01,1713000,07:53:01,423.15207537195636,2025-03-01
Run,138.0,198,2.12,1031000,17:51:13,480.83425442707966,2025-03-03
Walk,124.0,156,,1024000,19:26:12,,2025-03-03
Run,159.0,210,1.93,914000,18:21:43,469.50768472096655,2025-03-05
Walk,121.0,405,,2663000,19:47:11,,2025-03-05
Run,175.0,230,2.26,920000,17:33:04,402.990893281879,2025-03-07
Walk,113.0,312,,2561000,18:56:01,,2025-03-07
Run,140.0,235,2.34,1078000,07:59:57,456.73127846626414,2025-03-08
Walk,104.0,233,,1485000,08:36:04,,2025-03-08
Run,157.0,432,5.04,1983000,09:01:38,389.7420980428382,2025-03-08
Walk,104.0,275,,2151000,18:20:39,,2025-03-12
Walk,119.0,134,,922000,19:51:58,,2025-03-12
Run,153.0,529,5.46,2499000,08:14:40,452.85932004051995,2025-03-15
Run,154.0,432,5.04,1962000,09:01:38,384.89078086531765,2025-03-15
Run,148.0,256,2.8,1287000,18:29:29,454.6530400285439,2025-03-17
Run,169.0,244,2.38,1050000,19:43:26,438.32551304957667,2025-03-17
Walk,125.0,147,,920000,20:03:15,,2025-03-17
Walk,110.0,197,,1588000,11:39:27,,2025-03-22
Run,149.0,198,2.4,936000,18:59:22,385.6533651964319,2025-03-24
Run,157.0,203,2.08,981000,20:00:27,467.6728864141265,2025-03-24
Run,167.0,246,2.65,989000,18:38:50,370.34540606932086,2025-03-26
Run,176.0,277,2.08,981000,19:58:35,466.5407973519886,2025-03-26
Walk,130.0,132,,1076000,20:17:08,,2025-03-26
Run,173.0,270,2.77,1060000,18:24:03,379.770418034079,2025-03-28
Run,175.0,275,2.3,1024000,19:44:59,440.2085832075902,2025-03-28
Walk,127.0,192,,1332000,20:03:47,,2025-03-28
Run,154.0,431,4.35,2019000,07:59:31,460.02100739815853,2025-03-29
Walk,116.0,145,,973000,08:34:44,,2025-03-29
Run,156.0,417,5.05,1943000,09:02:11,380.2489720752826,2025-03-29
Walk,93.0,230,,1894000,15:08:50,,2025-03-31
Run,172.0,293,2.96,1152000,17:28:20,385.5060436103712,2025-04-02
Run,172.0,357,2.87,1402000,18:45:37,483.8971321674243,2025-04-02
Walk,108.0,271,,1997000,16:07:27,,2025-04-08
Walk,103.0,357,,2561000,17:35:21,,2025-04-08
Run,152.0,225,2.32,1102000,15:33:27,469.3116195083726,2025-04-14
Walk,109.0,347,,2509000,16:49:17,,2025-04-14
Run,163.0,226,2.35,935000,17:11:13,395.4775973572791,2025-04-16
Run,171.0,321,2.69,1214000,18:26:16,447.90602090474067,2025-04-16
Run,163.0,253,2.26,950000,17:32:31,416.6045414280327,2025-04-22
Walk,132.0,385,,2202000,18:43:05,,2025-04-22
Walk,101.0,277,,2002000,17:01:51,,2025-04-24
Walk,121.0,355,,2151000,18:17:53,,2025-04-24
Walk,95.0,146,,1075000,12:08:56,,2025-04-25
Walk,94.0,326,,2560000,14:07:34,,2025-04-25
Walk,108.0,182,,1331000,16:37:47,,2025-04-25
Run,180.0,251,2.07,903000,11:23:14,430.71169980873157,2025-04-27
Walk,107.0,329,,2612000,12:33:53,,2025-04-27
Walk,126.0,377,,2159000,12:47:24,,2025-04-30
Weights,125.0,612,,3951000,12:32:55,,2022-12-05
Walk,112.0,212,,1588000,10:02:10,,2022-12-06
Walk,97.0,221,,1945000,21:36:29,,2022-12-06
Run,169.0,525,5.26,2133000,09:31:01,401.7304733187307,2022-12-07
Walk,114.0,247,,1792000,11:36:16,,2022-12-07
Walk,98.0,292,,2560000,20:07:25,,2022-12-07
Walk,104.0,226,,1946000,10:21:28,,2022-12-08
Walk,96.0,192,,1639000,17:55:26,,2022-12-08
Walk,102.0,242,,1843000,20:52:56,,2022-12-08
Walk,101.0,219,,1896000,08:03:39,,2022-12-09
Walk,101.0,208,,1792000,15:15:28,,2022-12-09
Walk,118.0,483,,3534000,08:34:00,,2022-12-10
Weights,123.0,532,,3677000,10:34:22,,2022-12-10
Walk,106.0,326,,2969000,13:39:09,,2022-12-12
Walk,97.0,136,,1229000,20:18:31,,2022-12-12
Run,168.0,567,5.08,2348000,21:26:17,457.74977385445584,2022-12-12
Walk,109.0,229,,1895000,10:42:03,,2022-12-13
Walk,99.0,123,,1230000,13:06:17,,2022-12-13
Walk,100.0,249,,2202000,16:23:27,,2022-12-13
Walk,108.0,194,,1588000,10:21:36,,2022-12-14
Walk,103.0,111,,973000,14:31:41,,2022-12-14
Walk,107.0,157,,1229000,17:14:43,,2022-12-14
Walk,104.0,179,,1536000,09:48:06,,2022-12-15
Walk,91.0,134,,1332000,16:40:16,,2022-12-15
Walk,99.0,144,,1331000,17:30:37,,2022-12-15
Walk,101.0,192,,1638000,10:28:41,,2022-12-16
Walk,104.0,163,,1332000,12:23:52,,2022-12-16
Walk,101.0,138,,1178000,14:40:24,,2022-12-16
Walk,101.0,135,,1178000,21:06:07,,2022-12-16
Weights,116.0,430,,4119000,18:52:19,,2022-12-17
Walk,114.0,224,,1638000,12:15:54,,2022-12-19
Walk,101.0,136,,1229000,17:41:02,,2022-12-19
Walk,107.0,202,,1638000,19:22:36,,2022-12-19
Run,181.0,281,2.49,1074000,21:41:55,428.4192764740376,2022-12-19
Walk,106.0,200,,1587000,13:35:44,,2022-12-20
Walk,101.0,184,,1637000,17:35:32,,2022-12-20
Walk,105.0,197,,1637000,19:36:42,,2022-12-20
Walk,103.0,189,,1586000,09:48:21,,2022-12-21
Walk,102.0,123,,1023000,15:22:51,,2022-12-21
Walk,107.0,205,,1587000,19:33:43,,2022-12-21
Weights,133.0,510,,3049000,10:09:25,,2022-12-23
Walk,102.0,106,,973000,14:15:28,,2022-12-23
Walk,105.0,206,,1742000,12:59:01,,2023-01-04
Outdoor Bike,102.0,121,,973000,19:44:22,,2023-01-04
Walk,111.0,235,,1793000,11:58:53,,2023-01-05
Walk,99.0,146,,1280000,18:43:22,,2023-01-05
Walk,103.0,230,,2099000,13:44:18,,2023-01-06
Walk,101.0,109,,973000,17:47:30,,2023-01-06
Walk,102.0,190,,1638000,20:35:37,,2023-01-06
Walk,95.0,127,,1331000,13:01:14,,2023-01-07
Walk,104.0,224,,1793000,23:01:13,,2023-01-07
Walk,115.0,201,,1485000,11:16:48,,2023-01-08
Weights,127.0,585,,6082000,12:23:55,,2023-01-10
Walk,109.0,222,,1792000,21:16:44,,2023-01-10
Run,172.0,292,2.71,1226000,07:41:14,448.2943970513491,2023-01-12
Walk,110.0,209,,1639000,09:45:47,,2023-01-12
Walk,102.0,215,,1895000,19:05:34,,2023-01-12
Walk,106.0,211,,1791000,09:01:52,,2023-01-13
Walk,100.0,118,,1075000,12:34:20,,2023-01-13
Walk,103.0,114,,1025000,17:33:51,,2023-01-13
Walk,105.0,190,,1638000,20:04:03,,2023-01-13
Walk,102.0,170,,1537000,12:43:18,,2023-01-14
Walk,101.0,219,,1997000,19:38:53,,2023-01-14
Walk,107.0,233,,1997000,09:39:40,,2023-01-15
Walk,99.0,110,,1075000,13:13:01,,2023-01-15
Walk,107.0,206,,1691000,18:03:11,,2023-01-15
Walk,98.0,130,,1075000,14:09:08,,2023-01-21
Run,168.0,358,3.19,1484000,14:26:29,457.71813322558654,2023-01-21
Run,159.0,270,2.67,1198000,07:30:26,443.28012491767123,2023-01-24
Walk,114.0,216,,1639000,09:43:15,,2023-01-24
Walk,96.0,181,,1742000,17:49:42,,2023-01-24
Walk,103.0,192,,1639000,20:29:19,,2023-01-24
Walk,108.0,205,,1741000,09:31:03,,2023-01-25
Walk,92.0,170,,2099000,13:29:09,,2023-01-25
Walk,86.0,107,,1024000,16:10:26,,2023-01-25
Walk,99.0,195,,1689000,08:22:41,,2023-01-26
Walk,100.0,151,,1280000,09:39:29,,2023-01-26
Run,169.0,252,2.59,996000,09:03:41,379.6353823225605,2023-01-28
Walk,100.0,213,,1791000,09:26:44,,2023-01-28
Walk,103.0,111,,1127000,15:26:01,,2023-01-30
Walk,104.0,157,,1280000,08:20:57,,2023-01-31
Walk,101.0,103,,972000,08:22:40,,2023-02-03
Walk,108.0,186,,1485000,09:38:35,,2023-02-03
Walk,100.0,144,,1281000,20:22:01,,2023-02-03
Run,150.0,188,1.97,917000,08:44:35,460.0088289589855,2023-02-04
Run,196.0,563,5.09,2010000,09:01:26,391.2911439717803,2023-02-04
Walk,97.0,184,,1741000,09:49:18,,2023-02-04
Walk,104.0,208,,1792000,09:48:36,,2023-02-07
Walk,94.0,140,,1382000,12:11:05,,2023-02-07
Walk,100.0,149,,1332000,15:21:22,,2023-02-07
Weights,123.0,403,,2845000,15:28:36,,2023-02-13
Walk,116.0,216,,1587000,11:13:10,,2023-02-14
Walk,92.0,187,,1946000,15:05:18,,2023-02-14
Walk,104.0,202,,1639000,17:16:43,,2023-02-14
Run,155.0,307,2.75,1416000,10:19:13,509.74858163177146,2023-02-15
Walk,107.0,289,,2202000,16:38:52,,2024-03-26
Walk,116.0,368,,2661000,18:26:24,,2024-03-26
Walk,118.0,325,,2253000,19:33:48,,2024-03-27
Walk,103.0,282,,2299000,21:27:19,,2024-03-27
Walk,118.0,319,,2302000,17:26:30,,2024-03-28
Walk,125.0,328,,2098000,19:08:04,,2024-03-28
Walk,110.0,279,,2099000,17:10:44,,2024-03-29
Walk,127.0,313,,2048000,11:14:42,,2024-03-30
Walk,129.0,358,,2251000,12:53:43,,2024-03-30
Walk,117.0,331,,2253000,15:53:55,,2024-04-05
Walk,100.0,270,,2202000,17:50:49,,2024-04-05
Walk,125.0,320,,2048000,09:37:11,,2024-04-06
Walk,120.0,327,,2205000,11:43:25,,2024-04-06
Walk,115.0,309,,2252000,16:16:05,,2024-04-08
Walk,105.0,286,,2303000,18:18:07,,2024-04-08
Walk,123.0,318,,2048000,16:43:32,,2024-04-10
Walk,108.0,282,,2100000,18:16:35,,2024-04-10
Walk,117.0,324,,2202000,17:43:09,,2024-04-12
Walk,107.0,329,,2508000,20:09:56,,2024-04-12
Walk,112.0,330,,2561000,11:58:50,,2024-04-13
Walk,124.0,334,,2202000,13:49:47,,2024-04-13
Walk,110.0,283,,2151000,07:39:44,,2024-04-15
Walk,128.0,192,,1231000,10:01:22,,2024-04-15
Walk,116.0,289,,2100000,18:01:31,,2024-04-18
Walk,114.0,299,,2151000,20:07:51,,2024-04-18
Walk,118.0,145,,921000,08:28:54,,2024-04-20
Run,173.0,333,,1331000,08:44:15,,2024-04-20
Walk,126.0,186,,1230000,09:41:25,,2024-04-20
Spinning,61.0,1020,,38782000,20:04:26,,2024-04-21
Walk,110.0,326,,2305000,14:31:25,,2024-04-22
Walk,112.0,302,,2203000,16:05:20,,2024-04-22
Walk,117.0,309,,2049000,07:05:56,,2024-04-23
Walk,111.0,279,,2100000,09:03:44,,2024-04-23
Walk,119.0,386,,2559000,23:23:20,,2024-04-23
Run,158.0,341,3.55,1474000,10:33:25,409.85087990034566,2024-04-24
Walk,98.0,133,,1076000,11:34:08,,2024-04-24
Walk,108.0,257,,1946000,17:01:03,,2024-04-25
Walk,125.0,340,,2149000,18:46:02,,2024-04-25
Walk,121.0,307,,1997000,11:51:30,,2024-04-26
Walk,128.0,375,,2253000,13:05:45,,2024-04-26
Walk,108.0,285,,2099000,06:59:43,,2024-04-28
Walk,124.0,162,,922000,09:00:54,,2024-04-28
Walk,96.0,286,,2407000,16:23:32,,2024-04-29
Walk,114.0,323,,2254000,16:51:49,,2024-04-30
Walk,103.0,295,,2408000,15:10:25,,2024-05-01
Walk,111.0,310,,2202000,13:00:28,,2024-05-03
Walk,115.0,311,,2152000,10:30:42,,2024-05-04
Walk,120.0,325,,2150000,12:25:04,,2024-05-04
Walk,95.0,274,,2203000,17:28:43,,2024-05-06
Walk,112.0,300,,2101000,19:09:26,,2024-05-06
Walk,112.0,315,,2202000,11:52:37,,2024-05-08
Walk,127.0,374,,2151000,13:43:36,,2024-05-08
Walk,107.0,283,,2099000,13:02:13,,2024-05-10
Walk,135.0,374,,1996000,14:37:48,,2024-05-10
Walk,114.0,322,,2150000,12:14:28,,2024-05-11
Walk,120.0,494,,3585000,14:07:57,,2024-05-11
Walk,98.0,266,,2254000,15:04:20,,2024-05-13
Walk,114.0,284,,2101000,16:40:47,,2024-05-13
Walk,102.0,262,,1945000,10:40:45,,2024-05-15
Walk,101.0,268,,2151000,12:32:34,,2024-05-15
Walk,106.0,301,,2253000,13:00:12,,2024-05-17
Walk,109.0,372,,2765000,14:55:25,,2024-05-17
Outdoor Bike,89.0,146,,2510000,20:46:20,,2024-05-19
Walk,106.0,308,,2304000,14:54:43,,2024-05-20
Walk,119.0,322,,2100000,16:34:35,,2024-05-20
Outdoor Bike,91.0,94,,1280000,19:04:50,,2024-05-21
Walk,104.0,296,,2150000,14:33:15,,2024-05-22
Walk,97.0,272,,2201000,16:16:30,,2024-05-22
Walk,103.0,306,,2304000,15:10:04,,2024-05-24
Walk,128.0,401,,2201000,16:41:23,,2024-05-24
Walk,132.0,165,,921000,07:52:01,,2024-05-25
Run,153.0,250,2.21,1141000,08:06:52,510.51682557863796,2024-05-25
Walk,107.0,308,,2252000,14:25:18,,2024-05-28
Walk,113.0,370,,2613000,16:18:48,,2024-05-28
Walk,108.0,507,,3739000,12:35:15,,2024-05-29
Walk,106.0,458,,3327000,11:53:38,,2024-05-30
Walk,107.0,280,,1996000,07:54:58,,2024-06-01
Walk,106.0,472,,3533000,09:35:39,,2024-06-01
Walk,104.0,274,,1947000,17:17:55,,2024-06-02
Walk,117.0,323,,2100000,18:57:49,,2024-06-02
Walk,100.0,282,,2253000,17:38:27,,2024-06-04
Walk,118.0,298,,1943000,19:19:09,,2024-06-04
Walk,108.0,318,,2304000,15:19:19,,2024-06-05
Walk,107.0,342,,2765000,16:52:22,,2024-06-05
Walk,131.0,431,,2714000,13:00:14,,2024-06-06
Walk,106.0,294,,2151000,11:26:23,,2024-06-07
Walk,114.0,264,,1946000,13:25:00,,2024-06-07
Run,161.0,322,2.94,1396000,10:49:07,470.1919838329404,2024-06-08
Walk,107.0,216,,1845000,09:20:50,,2023-08-25
Run,172.0,435,5.45,1899000,08:01:59,344.8125592391245,2023-08-26
Walk,93.0,299,,2970000,12:26:05,,2023-08-27
Walk,116.0,153,,1280000,10:10:18,,2023-08-28
Run,182.0,453,5.09,1841000,18:02:35,357.8641671250931,2023-08-31
Walk,106.0,278,,2151000,09:40:15,,2023-09-08
Walk,106.0,141,,1126000,11:26:58,,2023-09-08
Walk,105.0,435,,3840000,13:43:40,,2023-09-09
Walk,95.0,148,,1485000,07:36:45,,2023-09-12
Walk,103.0,268,,2356000,09:28:07,,2023-09-15
Walk,105.0,192,,1537000,09:53:35,,2023-09-23
Walk,100.0,103,,921000,10:41:24,,2023-09-23
Walk,104.0,176,,1484000,11:17:15,,2023-09-23
Walk,107.0,283,,2202000,12:53:41,,2023-09-23
Walk,104.0,276,,2202000,09:25:41,,2023-09-26
Walk,104.0,297,,2355000,11:08:07,,2023-09-26
Walk,104.0,434,,3738000,16:22:10,,2023-09-26
Walk,106.0,207,,1639000,17:52:37,,2023-09-26
Walk,108.0,265,,2048000,08:09:45,,2023-09-29
Walk,102.0,200,,1588000,09:50:26,,2023-09-29
Walk,113.0,272,,1945000,07:44:48,,2023-10-02
Walk,112.0,264,,1998000,09:39:09,,2023-10-02
Walk,110.0,297,,2254000,07:25:38,,2023-10-03
Walk,104.0,253,,2048000,09:09:47,,2023-10-03
Walk,109.0,293,,2305000,07:40:07,,2023-10-04
Walk,103.0,255,,2099000,09:34:30,,2023-10-04
Walk,111.0,261,,1996000,08:29:41,,2023-10-05
Walk,106.0,250,,1997000,10:53:03,,2023-10-05
Walk,106.0,259,,2052000,07:52:46,,2023-10-06
Walk,105.0,303,,2509000,09:41:12,,2023-10-06
Walk,108.0,262,,2050000,13:00:50,,2023-10-07
Walk,109.0,257,,1998000,14:37:19,,2023-10-07
Walk,99.0,496,,4354000,11:23:46,,2023-10-08
Walk,105.0,271,,2150000,08:10:45,,2023-10-09
Walk,112.0,296,,2202000,10:05:56,,2023-10-09
Walk,108.0,261,,2049000,10:06:38,,2023-10-10
Walk,113.0,279,,2100000,11:48:13,,2023-10-10
Walk,112.0,278,,2047000,08:17:13,,2023-10-11
Walk,106.0,269,,2099000,09:45:59,,2023-10-11
Walk,110.0,274,,1996000,11:53:15,,2023-10-18
Walk,109.0,277,,2098000,13:39:04,,2023-10-18
Walk,102.0,263,,2100000,11:24:53,,2023-10-19
Walk,114.0,281,,1997000,07:48:10,,2023-10-20
Walk,112.0,220,,1640000,09:14:23,,2023-10-20
Walk,101.0,281,,2305000,07:01:21,,2023-10-21
Run,143.0,282,3.47,1424000,10:29:12,406.8071636913179,2023-10-22
Walk,101.0,164,,1434000,11:20:50,,2023-10-22
Walk,97.0,98,,1024000,16:50:13,,2023-10-23
Walk,111.0,274,,2047000,08:51:08,,2023-10-24
Walk,111.0,358,,2765000,10:32:40,,2023-10-24
Walk,103.0,290,,2252000,09:03:56,,2023-10-25
Walk,112.0,318,,2357000,10:42:05,,2023-10-25
Walk,103.0,293,,2305000,07:03:43,,2023-10-26
Walk,103.0,263,,1998000,07:22:58,,2023-10-28
Walk,111.0,292,,2099000,09:12:14,,2023-10-28
Walk,105.0,258,,1942000,08:49:30,,2023-10-29
Walk,100.0,293,,2355000,10:26:47,,2023-10-29
Walk,103.0,275,,2151000,07:43:25,,2023-10-31
Walk,105.0,314,,2407000,09:43:46,,2023-10-31
Walk,106.0,282,,2150000,07:23:30,,2023-11-01
Walk,105.0,264,,2047000,08:58:13,,2023-11-01
Walk,100.0,264,,2151000,08:09:09,,2023-11-02
Walk,110.0,287,,2097000,09:46:27,,2023-11-02
Walk,105.0,266,,1997000,08:03:58,,2023-11-03
Walk,109.0,292,,2151000,09:47:13,,2023-11-03
Walk,106.0,272,,2101000,14:09:26,,2023-11-07
Walk,113.0,333,,2407000,15:49:20,,2023-11-07
Walk,114.0,295,,2099000,08:24:01,,2023-11-08
Walk,113.0,306,,2253000,10:14:07,,2023-11-08
Walk,103.0,272,,2150000,13:30:55,,2023-11-09
Walk,110.0,307,,2257000,15:20:55,,2023-11-09
Walk,104.0,264,,1998000,07:48:54,,2023-11-10
Walk,103.0,255,,2049000,09:30:29,,2023-11-10
Walk,110.0,278,,1996000,08:16:36,,2023-11-12
Walk,115.0,298,,1999000,10:02:25,,2023-11-12
Walk,115.0,310,,2202000,16:26:04,,2023-11-15
Walk,108.0,310,,2355000,18:16:09,,2023-11-15
Walk,96.0,259,,2099000,09:52:17,,2023-11-16
Walk,104.0,265,,2099000,11:32:07,,2023-11-16
Walk,103.0,297,,2304000,07:16:41,,2023-11-17
Walk,97.0,298,,2560000,08:52:16,,2023-11-17
Walk,109.0,270,,1997000,06:39:12,,2023-11-18
Walk,107.0,253,,1945000,08:22:28,,2023-11-18
Walk,108.0,282,,2100000,10:38:40,,2023-11-20
Walk,117.0,310,,2047000,12:27:56,,2023-11-20
Walk,106.0,266,,2099000,15:32:07,,2023-11-21
Walk,97.0,240,,2049000,17:47:48,,2023-11-21
Walk,105.0,277,,2202000,08:45:03,,2023-11-22
Walk,104.0,267,,2048000,10:56:19,,2024-06-11
Walk,103.0,333,,2663000,12:42:07,,2024-06-11
Walk,103.0,268,,1997000,14:49:21,,2024-06-13
Walk,107.0,344,,2511000,16:26:40,,2024-06-13
Walk,103.0,245,,1894000,07:02:23,,2024-06-15
Run,171.0,637,,2357000,07:58:43,,2024-06-15
Walk,105.0,184,,1382000,09:14:44,,2024-06-15
Walk,120.0,371,,2408000,10:58:53,,2024-06-15
Walk,115.0,437,,2867000,14:49:55,,2024-06-17
Walk,112.0,392,,2763000,16:43:24,,2024-06-17
Walk,105.0,288,,2150000,16:47:19,,2024-06-19
Walk,115.0,299,,2099000,18:47:38,,2024-06-19
Walk,110.0,314,,2202000,10:32:17,,2024-06-20
Walk,111.0,417,,2918000,12:15:33,,2024-06-20
Aerobic Workout,163.0,373,,1537000,15:28:59,,2024-06-21
Run,176.0,509,5.26,1922000,15:58:34,362.3755394625454,2024-06-28
Walk,137.0,278,,1384000,16:31:59,,2024-06-28
Elliptical,185.0,455,,1588000,07:24:54,,2024-06-29
Run,166.0,551,6.12,2233000,08:01:35,361.47308781869685,2024-06-29
Run,117.0,162,0.65,1195000,08:46:39,1823.1192884495094,2024-06-29
Walk,119.0,296,,2048000,08:57:27,,2024-07-01
Walk,128.0,314,,1690000,10:39:52,,2024-07-01
Walk,123.0,340,,2202000,12:10:56,,2024-07-02
Walk,125.0,442,,2816000,14:07:51,,2024-07-02
Run,154.0,570,5.3,2546000,11:51:03,475.6691315768824,2024-07-03
Walk,123.0,184,,1074000,12:35:44,,2024-07-03
Walk,111.0,302,,2049000,10:47:13,,2024-07-05
Weights,138.0,476,,2652000,11:24:08,,2024-07-05
Walk,104.0,270,,2357000,07:07:01,,2024-07-06
Run,165.0,480,5.33,1923000,08:00:22,357.3565649169885,2024-07-06
Walk,111.0,457,,3176000,08:47:46,,2024-07-06
Walk,108.0,317,,2254000,19:36:27,,2024-07-06
Walk,104.0,285,,2151000,16:45:03,,2024-07-07
Walk,100.0,302,,2408000,18:22:22,,2024-07-07
Walk,101.0,270,,2048000,10:58:23,,2024-07-09
Walk,108.0,392,,2816000,12:53:34,,2024-07-09
Walk,118.0,608,,4147000,11:55:32,,2024-07-10
Walk,110.0,351,,2304000,15:04:55,,2024-07-11
Walk,127.0,300,,1689000,17:04:26,,2024-07-11
Walk,100.0,305,2.38,2369000,16:05:35,987.4412807976224,2024-07-16
Walk,122.0,455,,2969000,17:45:03,,2024-07-16
Walk,102.0,312,,2305000,15:57:54,,2024-07-18
Walk,123.0,361,,2611000,17:47:07,,2024-07-18
Walk,98.0,296,,2304000,15:29:09,,2024-07-22
Walk,111.0,299,,2202000,17:21:48,,2024-07-22
Walk,100.0,295,,2305000,15:57:08,,2024-07-23
Walk,112.0,375,,3020000,17:16:30,,2024-07-23
Walk,113.0,301,,2100000,17:04:16,,2024-07-25
Walk,114.0,297,,2100000,18:45:50,,2024-07-25
Walk,111.0,460,,3021000,07:25:10,,2024-07-26
Walk,99.0,297,,2201000,15:36:42,,2024-07-26
Walk,106.0,226,,1740000,17:31:54,,2024-07-26
Run,151.0,418,4.96,1918000,08:01:16,383.0858987239125,2024-07-27
Walk,106.0,361,,2971000,09:19:57,,2024-07-27
Walk,101.0,300,,2048000,17:38:39,,2024-07-29
Walk,114.0,273,,2151000,19:17:39,,2024-07-29
Run,167.0,439,4.3,2099000,16:37:20,483.0562108049019,2024-07-30
Run,144.0,282,1.83,1547000,17:30:15,836.3021067028506,2024-07-30
Walk,107.0,230,,1588000,18:36:28,,2024-07-30
Walk,113.0,346,,2712000,20:06:06,,2024-07-30
Walk,,44,,2150000,16:22:03,,2024-08-01
Walk,108.0,315,,2507000,19:05:54,,2024-08-01
Walk,96.0,699,,5734000,15:34:01,,2024-08-02
Run,114.0,149,0.78,1121000,07:12:30,1415.4040404040404,2024-08-03
Run,187.0,534,4.65,1941000,08:01:57,413.414127645073,2024-08-03
Walk,117.0,240,,1637000,09:09:35,,2024-08-03
Walk,121.0,368,,2764000,09:43:43,,2024-08-03
Walk,115.0,294,,1998000,07:36:08,,2024-08-04
Sport,148.0,385,,2662000,08:35:02,,2024-08-04
Walk,122.0,313,,2303000,09:19:24,,2024-08-04
Walk,104.0,151,,1075000,16:27:14,,2024-08-06
Run,145.0,216,1.5,1308000,16:56:44,862.2906077566599,2024-08-06
Run,131.0,483,3.47,2770000,17:19:57,792.7672154981698,2024-08-06
Walk,123.0,143,,1073000,18:42:58,,2024-08-06
Walk,102.0,286,,1997000,15:37:38,,2024-08-07
Walk,111.0,328,,2404000,17:18:21,,2024-08-07
Walk,98.0,290,,2048000,16:35:30,,2024-08-08
Walk,119.0,388,,2919000,18:05:07,,2024-08-08
Walk,134.0,473,,2611000,07:01:36,,2024-08-10
Run,169.0,271,2.62,1028000,08:04:27,388.76073062814356,2024-08-10
Walk,110.0,385,,2868000,12:13:08,,2024-08-12
Walk,115.0,442,,3277000,14:13:28,,2024-08-12
Walk,103.0,278,,2099000,15:28:13,,2024-08-14
Walk,123.0,408,,3073000,17:20:02,,2024-08-14
Walk,101.0,281,,2049000,14:58:57,,2024-08-16
Run,182.0,477,3.67,1694000,17:19:34,456.782300359979,2024-08-16
Walk,128.0,433,,3175000,17:55:38,,2024-08-16
Run,140.0,456,4.57,2164000,08:05:16,469.33694228283406,2024-08-17
Walk,88.0,115,,921000,08:53:02,,2024-08-17
Walk,114.0,336,,2151000,13:48:59,,2024-08-19
Walk,122.0,390,,2810000,15:52:44,,2024-08-19
Run,155.0,1028,8.34,5018000,17:46:37,595.6351740493933,2024-08-20
Walk,103.0,285,,2509000,15:37:06,,2023-02-17
Weights,127.0,621,,3908000,18:01:19,,2023-02-17
Run,194.0,679,6.06,2333000,08:58:07,382.5643783861785,2023-02-18
Walk,114.0,304,,2206000,09:37:24,,2023-02-18
Weights,120.0,1042,,31899000,13:34:56,,2023-02-20
Walk,102.0,182,,1536000,08:19:26,,2023-02-21
Walk,112.0,125,,973000,11:47:39,,2023-02-21
Walk,97.0,186,,1741000,17:28:08,,2023-02-21
Walk,99.0,133,,1228000,15:17:10,,2023-02-22
Walk,107.0,187,,1382000,18:28:19,,2023-02-22
Walk,104.0,186,,1536000,15:05:52,,2023-02-23
Walk,101.0,188,,1535000,19:47:31,,2023-02-23
Walk,102.0,119,,1075000,19:15:01,,2023-02-24
Run,140.0,210,1.69,1032000,08:44:36,604.4950533326305,2023-02-25
Run,146.0,410,5.05,1943000,09:07:24,381.10668044901155,2023-02-25
Walk,104.0,232,,1894000,09:40:19,,2023-02-25
Run,177.0,820,7.01,3131000,08:47:00,441.96758151556344,2023-03-04
Walk,97.0,221,,2099000,09:39:36,,2023-03-04
Walk,109.0,215,,1688000,15:47:04,,2023-03-08
Walk,95.0,148,,1327000,20:09:53,,2023-03-08
Walk,136.0,132,,1383000,09:00:36,,2023-03-09
Walk,110.0,241,,1843000,08:33:22,,2023-03-11
Run,196.0,528,5.14,1839000,09:06:10,354.1626143710292,2023-03-11
Walk,103.0,226,,1894000,09:55:16,,2023-03-11
Weights,64.0,1703,,49917000,17:47:56,,2023-03-12
Walk,99.0,225,,2100000,16:11:02,,2023-03-13
Run,192.0,666,6.12,2343000,09:00:34,379.24035389291925,2023-03-18
Walk,95.0,160,,1536000,10:07:10,,2023-03-18
Walk,105.0,203,,1690000,07:45:33,,2023-03-20
Walk,95.0,236,,2458000,15:05:52,,2023-03-20
Walk,92.0,196,,1997000,16:15:00,,2023-03-20
Run,159.0,533,5.0,2363000,08:02:34,468.06630972401325,2023-06-17
Walk,104.0,141,,1178000,09:04:26,,2023-06-17
Run,,1856,3.53,74939000,14:13:18,21024.59073884439,2023-06-25
Run,,476,5.15,2432000,11:13:14,468.35070069655615,2023-06-26
Walk,101.0,288,,2509000,12:50:33,,2023-06-29
Walk,95.0,123,,1382000,17:57:49,,2023-06-29
Walk,103.0,526,,4705000,13:06:41,,2023-07-01
Walk,104.0,379,,3071000,14:49:49,,2023-07-02
Walk,104.0,261,,2150000,18:07:47,,2023-07-02
Walk,102.0,353,,3226000,11:43:52,,2023-07-03
Treadmill,159.0,216,2.74,995000,13:34:42,,2023-07-03
Walk,99.0,108,,973000,14:41:22,,2023-07-03
Walk,98.0,183,,1637000,17:38:02,,2023-07-03
Walk,113.0,141,,973000,16:45:50,,2023-07-04
Run,196.0,451,5.0,1721000,17:03:16,341.2752709281458,2023-07-04
Walk,106.0,157,,1280000,18:00:06,,2023-07-04
Walk,105.0,273,,2202000,08:56:43,,2023-07-05
Walk,106.0,323,,2611000,11:30:47,,2023-07-06
Walk,103.0,126,,1075000,15:42:21,,2023-07-07
Walk,102.0,127,,1023000,16:23:19,,2023-07-07
Weights,123.0,429,,3078000,10:46:06,,2023-07-11
Run,166.0,253,,1076000,11:34:27,,2023-07-11
Run,160.0,543,,2253000,16:54:27,,2023-07-11
Walk,103.0,138,,1177000,17:36:16,,2023-07-11
Weights,123.0,377,,2838000,16:41:29,,2023-07-14
Walk,108.0,224,,1742000,18:11:26,,2023-07-14
Walk,93.0,142,,1484000,11:41:57,,2023-07-17
Weights,113.0,352,,3273000,12:07:07,,2023-07-17
Walk,101.0,115,,1024000,15:14:47,,2023-07-19
Walk,97.0,157,,1433000,10:29:50,,2023-07-21
Weights,120.0,319,,2344000,08:21:57,,2023-07-24
Walk,97.0,179,,1690000,09:05:35,,2023-07-24
Walk,106.0,176,,1383000,09:48:15,,2023-07-24
Walk,106.0,148,,1332000,12:51:37,,2023-07-26
Weights,121.0,427,,3257000,13:19:00,,2023-07-26
Run,172.0,281,3.25,1176000,14:13:37,357.30779514353077,2023-07-26
Walk,94.0,314,,3123000,15:37:14,,2023-07-26
Weights,131.0,424,,2748000,10:08:21,,2023-07-28
Treadmill,150.0,273,3.59,1387000,11:00:20,,2023-07-28
Walk,123.0,156,,1075000,11:39:02,,2023-07-28
Run,190.0,546,,1997000,08:03:05,,2023-07-29
Weights,115.0,292,,2699000,15:49:13,,2023-07-30
Weights,132.0,423,,2889000,15:27:44,,2023-08-01
Walk,103.0,137,,1178000,18:04:16,,2023-08-01
Weights,123.0,291,,2127000,14:25:47,,2023-08-03
Weights,126.0,336,,2450000,12:18:08,,2023-08-05
Run,154.0,224,,1076000,12:59:59,,2023-08-05
Walk,113.0,201,,1536000,13:25:36,,2023-08-05
Walk,110.0,281,,2151000,07:15:57,,2023-08-06
Weights,121.0,475,,3887000,07:53:31,,2023-08-06
Walk,103.0,130,,1126000,09:30:50,,2023-08-06
Weights,114.0,1039,,17584000,11:01:53,,2023-08-14
Weights,57.0,67,,3191000,06:08:20,,2023-08-15
Walk,104.0,160,,1485000,11:16:55,,2023-08-15
Walk,102.0,243,,2099000,13:40:40,,2023-08-16
Walk,99.0,152,,1485000,07:44:00,,2023-08-18
Walk,118.0,209,,1536000,09:28:09,,2023-08-18
Run,157.0,399,5.05,1933000,08:01:18,379.3714562721897,2023-08-19
Walk,109.0,141,,1075000,08:35:51,,2023-08-19
Walk,115.0,318,,2355000,11:46:36,,2023-08-20
Walk,95.0,148,,1536000,07:55:00,,2023-08-21
Walk,111.0,283,,2099000,10:35:10,,2023-11-22
Walk,106.0,258,,1997000,08:48:31,,2023-11-23
Walk,105.0,270,,2203000,08:59:10,,2023-11-25
Walk,103.0,320,,2662000,10:37:21,,2023-11-25
Walk,101.0,262,,1946000,12:09:58,,2023-11-26
Walk,110.0,295,,2151000,13:48:57,,2023-11-26
Walk,104.0,271,,2049000,07:35:55,,2023-11-27
Walk,107.0,276,,2100000,09:11:32,,2023-11-27
Walk,107.0,287,,2048000,06:43:19,,2023-11-29
Walk,103.0,278,,2100000,08:36:51,,2023-11-29
Walk,112.0,308,,2202000,15:00:47,,2023-11-30
Walk,111.0,290,,2254000,16:38:05,,2023-11-30
Walk,109.0,272,,2048000,09:44:20,,2023-12-01
Walk,113.0,326,,2151000,11:27:36,,2023-12-01
Walk,127.0,397,,2354000,10:30:25,,2023-12-03
Walk,115.0,334,,2304000,12:28:11,,2023-12-03
Walk,102.0,263,,2098000,11:19:59,,2023-12-05
Walk,117.0,294,,1997000,13:04:05,,2023-12-05
Walk,100.0,276,,2252000,13:13:37,,2023-12-06
Walk,107.0,351,,2662000,15:12:15,,2023-12-06
Walk,103.0,304,,2459000,08:57:27,,2023-12-07
Walk,106.0,313,,2458000,10:21:06,,2023-12-07
Walk,96.0,266,,2099000,10:07:21,,2023-12-09
Walk,103.0,258,,1997000,11:57:28,,2023-12-09
Walk,102.0,247,,1895000,08:28:22,,2023-12-10
Walk,109.0,276,,1945000,10:03:57,,2023-12-10
Walk,70.0,267,,2253000,15:58:16,,2023-12-12
Walk,109.0,336,,2407000,17:37:17,,2023-12-12
Walk,105.0,289,,2253000,16:28:19,,2023-12-14
Walk,102.0,295,,2356000,18:14:58,,2023-12-14
Walk,115.0,342,,2306000,09:02:28,,2023-12-15
Walk,116.0,293,,1997000,10:47:28,,2023-12-15
Walk,101.0,271,,2253000,10:11:20,,2023-12-23
Walk,102.0,328,,2970000,12:14:15,,2023-12-23
Walk,106.0,276,,2102000,08:03:19,,2023-12-24
Walk,104.0,282,,2254000,09:49:12,,2023-12-24
Walk,113.0,261,,1894000,08:14:12,,2023-12-27
Walk,109.0,254,,1946000,10:05:10,,2023-12-27
Walk,107.0,189,,1486000,09:08:10,,2023-12-28
Walk,94.0,247,,1946000,10:49:47,,2023-12-28
Walk,107.0,260,,1896000,07:30:53,,2023-12-30
Walk,105.0,263,,2048000,08:57:06,,2023-12-30
Walk,85.0,267,,2100000,15:16:58,,2023-12-31
Walk,100.0,270,,2150000,16:56:52,,2023-12-31
Walk,110.0,289,,2151000,10:47:21,,2024-01-01
Walk,108.0,265,,1896000,12:46:51,,2024-01-01
Walk,108.0,282,,2151000,16:01:33,,2024-01-03
Walk,104.0,299,,2304000,17:44:50,,2024-01-03
Walk,104.0,277,,2152000,17:25:21,,2024-01-04
Walk,111.0,310,,2201000,19:18:00,,2024-01-04
Walk,112.0,318,,2201000,13:36:47,,2024-01-05
Walk,106.0,261,,1947000,15:24:17,,2024-01-05
Walk,107.0,277,,2100000,17:35:17,,2024-01-07
Walk,128.0,349,,2101000,19:24:34,,2024-01-07
Walk,112.0,289,,2048000,17:36:20,,2024-01-08
Walk,104.0,276,,2100000,19:23:02,,2024-01-08
Walk,104.0,297,,2253000,12:24:39,,2024-01-10
Walk,106.0,284,,2203000,14:21:04,,2024-01-10
Walk,106.0,315,,2356000,16:24:58,,2024-01-11
Walk,109.0,320,,2303000,18:11:41,,2024-01-11
Walk,108.0,301,,2150000,07:10:23,,2024-01-13
Walk,95.0,257,,2047000,09:07:18,,2024-01-13
Walk,115.0,339,,2303000,11:59:16,,2024-01-14
Walk,109.0,272,,1996000,13:51:03,,2024-01-14
Walk,109.0,284,,2047000,11:14:53,,2024-01-15
Walk,106.0,268,,1997000,13:05:50,,2024-01-15
Walk,109.0,338,,2457000,09:29:41,,2024-01-17
Walk,105.0,116,,923000,12:04:11,,2024-01-17
Walk,110.0,162,,1545000,09:43:32,,2024-01-20
Walk,116.0,350,,2355000,11:32:03,,2024-01-20
Walk,105.0,286,,2203000,07:39:06,,2024-01-21
Walk,104.0,271,,2048000,09:30:57,,2024-01-21
Walk,111.0,314,,2253000,11:39:20,,2024-02-25
Walk,128.0,349,,2048000,13:32:50,,2024-02-25
Walk,103.0,299,,2359000,17:20:08,,2024-02-27
Walk,125.0,409,,2561000,19:07:43,,2024-02-27
Walk,110.0,321,,2357000,17:51:52,,2024-03-01
Walk,104.0,285,,2254000,19:34:19,,2024-03-01
Walk,106.0,236,,1844000,10:07:31,,2024-03-02
Walk,128.0,394,,2407000,12:16:22,,2024-03-02
Walk,126.0,329,,2048000,19:19:13,,2024-03-06
Walk,101.0,277,,2203000,20:56:30,,2024-03-06
Walk,115.0,325,,2407000,17:52:12,,2024-03-07
Walk,126.0,387,,2409000,19:15:50,,2024-03-07
Walk,108.0,282,,2151000,17:13:59,,2024-03-08
Walk,101.0,287,,2408000,19:04:05,,2024-03-08
Walk,119.0,358,,2407000,16:09:25,,2024-03-11
Walk,121.0,357,,2252000,18:09:48,,2024-03-11
Walk,117.0,305,,2149000,14:42:38,,2024-03-15
Walk,127.0,409,,2559000,16:28:28,,2024-03-15
Walk,108.0,307,,2355000,13:46:58,,2024-03-16
Walk,107.0,282,,2199000,15:45:37,,2024-03-16
Walk,115.0,288,,2048000,12:04:23,,2024-03-17
Walk,109.0,401,,3278000,14:07:17,,2024-03-17
Walk,111.0,288,,2152000,18:11:09,,2024-03-18
Walk,107.0,249,,2202000,20:03:00,,2024-03-18
Walk,115.0,294,,2099000,18:25:07,,2024-03-20
Walk,125.0,391,,2510000,20:30:36,,2024-03-20
Walk,108.0,261,,1999000,18:28:40,,2024-03-21
Walk,106.0,293,,2507000,20:05:09,,2024-03-21
